Dose [mg],Percent Pain Free,Upper Percent Pain Free,Lower Percent Pain Free
0.0,9.529411764705879,6.588235294117647,3.882352941176472
2.5,12.23529411764705,16.823529411764714,8.352941176470578
5.0,11.05882352941176,13.294117647058828,7.176470588235286
10.0,25.294117647058815,12.588235294117656,10.117647058823527
20.0,18.941176470588236,11.882352941176464,8.941176470588237
50.0,21.41176470588235,12.235294117647062,9.1764705882353
100.0,23.41176470588235,13.1764705882353,9.647058823529411
200.0,36.11764705882353,13.76470588235295,11.64705882352942
